Date,Open,High,Low,Close,Volume,RSI,SSO,SMA,S-Open,S-High,S-Low,S-Close
09/02/2015,245.3,247.88,239.78,247.69,4629174,50.8364510787,76.0070760677,77.0078342178,0.015,1.313,-0.093,1.313
09/03/2015,252.06,252.08,245,245.57,4194772,49.6689695312,74.2431134698,75.5521859995,1.984,2.214,1.502,1.502
09/04/2015,240.89,244.09,238.2,241.93,3689153,47.6457224474,75.91104372,75.3870777525,0.541,0.541,0.057,0.343
09/08/2015,245.05,249.16,244.05,248.17,3138231,51.3075139388,76.2692989117,75.4744853672,-0.063,0.553,-0.098,0.154
09/09/2015,252.05,254.25,248.303,248.91,3390788,51.7386090406,80.4019838162,77.5274421493,1.481,2.464,1.481,2.363
09/10/2015,247.23,250.7231,245.33,248.48,2709024,51.4535414594,86.5319320938,81.0677382739,0.899,0.922,-0.208,-0.042
09/11/2015,247.64,250.24,244.73,250.24,2350844,52.6046019637,90.4253544621,85.7864234574,0.128,0.609,-0.049,0.534
09/14/2015,251.1,254.25,249.67,253.19,2890851,54.5498283763,91.8790008786,89.6120958115,-0.64,-0.04,-0.704,-0.167
09/15/2015,252.75,254.6,249.5,253.57,2933466,54.8071345023,94.3456025355,92.2166526254,0.056,0.704,0.056,0.616
09/16/2015,253.04,262.88,252.88,262.25,4417081,60.3314864327,96.6020730059,94.2755588067,-0.202,2.16,-0.231,2.092
09/17/2015,263.96,265.5,260.69,262.07,3585812,60.167235072,94.5621751299,95.1699502238,1.801,1.801,1.001,1.072
09/18/2015,257.96,263.82,257.5,260.62,3763064,58.7789865334,89.9697071693,93.711318435,0.952,2.045,0.947,1.87
09/21/2015,263.98,271.57,255.8,264.2,6120155,61.1616755549,82.893301331,89.1417278767,-0.319,1.742,-0.342,1.528
09/22/2015,259.03,262.65,255.87,260.94,3664353,57.8807090408,76.2901554404,83.0510546469,0.969,1.024,-0.553,-0.355
09/23/2015,261.95,262.08,257.5838,261.06,2600778,57.9700867556,71.8669824354,77.0168130689,-1.322,0.34,-1.406,0.34
09/24/2015,259.53,263.45,256.21,263.12,3448191,59.5566801802,70.4425132354,72.8665503704,0.087,0.336,-0.619,0.243
09/25/2015,266.61,266.91,256.15,256.91,3773392,53.0547741323,64.3326967961,68.8807308223,-0.426,0.644,-0.456,-0.029
09/28/2015,257.35,259.79,246.61,248.43,4901057,45.7153615406,47.2814316653,60.6855472323,-1.239,-0.407,-1.239,-0.532
09/29/2015,250.46,254.73,245.46,246.65,3703154,44.3291327917,22.7586206897,44.7909163837,0.86,1.05,0.028,0.495
09/30/2015,252,252.4,242.34,248.4,4929582,46.0608600376,14.0875648293,28.0425390614,2.162,3.198,2.079,2.992
10/01/2015,247.51,248.5,237.13,239.88,4572964,39.6020130588,11.8550436416,16.2337430535,1.109,1.124,-0.354,0.227
10/02/2015,235.6,247.7,234.93,247.57,4423982,46.8467732627,21.3837104975,15.7754396561,0.032,1.132,-0.139,0.359
10/05/2015,248.84,249.84,244.13,246.15,3689865,45.7553575724,24.7029335314,19.3138958902,-0.907,0.416,-0.936,-0.374
10/06/2015,240,243.03,235.58,241.46,5235897,42.2539176916,27.6473799127,24.5780079805,-1.013,-0.704,-1.297,-0.705
10/07/2015,236.63,237.7,229.12,231.96,6813959,36.2094018879,17.7914110429,23.380574829,-1.5,-1.32,-1.959,-1.788
10/08/2015,230.08,230.72,221.31,226.72,6133216,33.3735153241,11.4263625821,18.9550511792,-1.317,-1.054,-1.893,-1.479
10/09/2015,220.93,224.37,218.36,220.69,6158370,30.4208789208,7.48973524,12.2358362883,-2.798,-2.673,-3.039,-2.887
10/12/2015,222.99,223,215.27,215.58,3836303,28.1481572389,5.3506148222,8.0889042148,-0.65,-0.072,-0.737,-0.162
10/13/2015,213.28,222.522,211.13,219.25,5171535,32.0732094691,6.8987625825,6.5797042149,0.29,2.343,0.275,2.197
10/14/2015,220.67,220.95,215.43,216.88,3104446,30.8993298694,8.6887254902,6.9793676316,1,1.055,0.225,0.44
10/15/2015,216.43,221.73,213.7,221.31,2844233,35.640991337,15.0106104107,10.1993661611,1.071,1.099,0.603,0.733
10/16/2015,223.04,230.4805,222.87,227.01,4334493,41.2291187612,21.4874358282,15.062257243,-0.211,1.297,-0.277,1.121
10/19/2015,226.5,231.15,224.94,228.1,2507895,42.2615436114,32.2249681719,22.9076714703,0.817,1.63,0.811,1.252
10/20/2015,227.72,228.6,202,213.03,14900047,33.4994904231,33.064576897,28.925660299,-0.057,-0.057,-2.866,-1.905
10/21/2015,211.99,214.81,208.8,210.09,4183471,32.1011902037,26.3526834611,30.54740951,-1.913,0.088,-2.131,-0.442
10/22/2015,211.56,215.75,209.4,211.72,2825159,33.7522333556,20.0947603122,26.5040068901,0.226,0.237,-0.293,-0.293
10/23/2015,215,215.35,207.69,209.09,4235462,32.3839413355,18.2137371077,21.5537269603,0.388,0.526,-0.094,0.155
10/26/2015,211.38,215.88,210,215.26,3391438,38.6658645817,24.1390382917,20.8158452372,0.202,0.6657,0.1271,0.6569
10/27/2015,214.84,217.1,207.51,210.35,3519449,35.8143179994,27.1061579146,23.1529777713,0.6164,0.7215,0.0828,0.391
10/28/2015,211.31,213.45,208.3,212.96,2728593,38.4143343746,34.6489361702,28.6313774588,-0.2343,0.5955,-0.2343,0.0746
10/29/2015,211.75,213.7481,210.64,211.63,1805032,37.5789649904,33.0931961121,31.6160967323,0.3915,0.4447,-0.1245,0.1259
10/30/2015,210.4,211.63,203.89,206.93,4438901,34.7066697054,29.1823899371,32.3081740731,-0.4895,-0.4707,-1.0632,-0.9421
11/02/2015,208.92,215.8,207.22,213.79,3927944,41.7097791384,30.1315037164,30.8023632552,0.1534,1.1773,0.1534,1.1661
11/03/2015,213.85,214.44,207.75,208.35,8332486,38.2098674149,26.3807890223,28.5648942253,1.0098,2.0775,1.0079,1.6614
11/04/2015,227,232.74,225.2,231.63,12726366,55.4412738632,53.6500449236,36.7207792208,2.3802,3.4422,2.3643,3.4422
11/05/2015,230.58,234.5843,229.19,231.77,4496843,55.5216043606,71.1008355835,50.3772231765,2.1542,2.257,1.3873,1.3873
11/06/2015,230.7,233.359,229.5,232.36,2445293,55.8825705698,93.5891046267,72.7799950446,0.2822,0.3084,-0.5426,-0.5186
11/09/2015,232.99,232.99,224.31,225.33,3850860,50.6119857285,85.0902695412,83.2600699171,0.2393,0.8752,0.0539,0.524
11/10/2015,223.48,223.7,216.08,216.5,4617007,44.885612494,68.5410368308,82.4068036662,-0.6422,-0.211,-0.7664,-0.3117
11/11/2015,217.77,219.48,213.63,219.08,3347806,46.7803201823,53.4735548077,69.0349537266,-0.4878,0.1699,-0.7608,0.0586
11/12/2015,217.85,219,212.66,212.94,2915900,42.9923883678,40.0182878689,54.0109598358,-0.0141,0.0743,-0.8929,-0.8524
11/13/2015,212.95,212.99,206.52,207.19,3430327,39.7465799317,29.9078330504,41.1332252423,-0.8817,-0.3065,-0.8863,-0.521
11/16/2015,206.09,214.98,205.8,214.31,2925395,45.2578304211,24.7277181757,31.5512796983,-0.2572,1.1454,-0.2572,1.1454
11/17/2015,215.2,216,211.4,214,2148679,45.0645579736,25.8788548145,26.8381353469,0.6701,1.2171,0.6471,1.1433
11/18/2015,214.5,221.38,212.52,221.07,2811900,50.2795502259,40.9522289155,30.5196006352,0.5935,1.6743,0.5511,1.6246
11/19/2015,220.54,226.19,220.3,221.8,2504375,50.7989047801,48.0077717363,38.2796184888,0.6561,1.069,0.3463,0.6295
11/20/2015,223.49,225,213.58,220.01,4400722,49.4353231947,53.6918682708,47.5506229742,0.3937,0.8721,-1.1959,-0.7523
11/23/2015,217.35,219.18,214.6798,217.75,2526199,47.6945753872,48.8229115641,50.1741838571,-0.5072,0.146,-0.624,0.146
11/24/2015,215.37,221,215,218.25,2480293,48.1297495203,44.7118741814,49.0755513388,-0.1938,0.323,-0.3921,0.1293
11/25/2015,221.34,230.825,220.375,229.64,3990779,56.9221718961,56.6678726993,50.0675528149,1.0601,3.4819,1.0601,3.466
11/27/2015,231.06,232.25,227.01,231.61,1949353,58.2406446772,74.3416098729,58.5737855845,1.3626,1.5089,0.8532,1.0127
11/30/2015,231.79,234.28,229.08,230.26,2659813,56.9541877268,89.04348244,73.3509883374,-0.1871,1.0366,-0.1878,0.5717
12/01/2015,231.06,238,231.05,237.19,3733955,61.6385285969,92.93274155,85.4392779543,0.4582,2.3409,0.2694,2.0214
12/02/2015,237,238.6,231.23,231.99,2981468,56.6563323277,87.7620881472,89.9127707124,1.2374,1.5652,-0.3278,-0.0001
12/03/2015,235.48,237.45,230,232.71,2939564,57.1725168267,86.390593047,89.0284742481,-0.5304,0.8023,-0.5933,0.8023
12/04/2015,232.46,233.27,227.66,230.38,2573603,54.8942012529,78.9430894309,84.365256875,-0.0929,0.1255,-0.6148,-0.2978
12/07/2015,227.7,235.63,226.15,231.13,3144223,55.5087986636,76.7456896552,80.6931240444,-0.8272,1.6741,-0.9109,1.54
12/08/2015,227.52,228.8,224.2,226.72,2687636,51.0998038227,67.9716542751,74.5534777871,1.7952,1.8132,-0.034,0.0417
12/09/2015,226.7,227.5,220.72,224.52,3057753,49.0084962312,57.3052362708,67.340860067,-0.8276,-0.1194,-0.8853,-0.8183
12/10/2015,224.71,228.49,223.64,227.07,2071692,51.4868339272,50.7488176563,58.6752360674,0.1401,1.643,0.1309,1.2615
12/11/2015,225.24,225.75,216.64,217.02,3268726,42.6820534433,36.1954132087,48.0831557119,-0.0662,-0.0456,-0.6084,-0.1274
12/14/2015,217.51,220.92,214.87,218.58,2831518,44.2750514856,26.8888760455,37.9443689702,-0.9227,-0.558,-1.4105,-0.6149
12/15/2015,221.82,222.22,218,221.09,2244424,46.8352981447,17.1899210145,26.7580700896,-0.6662,-0.2238,-1.0227,-0.3933
12/16/2015,222.1,234.88,220.73,234.51,5104341,57.9573657289,41.5367326872,28.5385099157,-0.3145,0.6844,-0.9893,0.6844
12/17/2015,233.94,237.76,229.8149,233.39,3298638,56.8877419894,62.3402163225,40.3556233414,0.2379,1.0714,0.1614,0.2064
12/18/2015,232.89,235.9,229.29,230.46,3014170,54.0760875781,75.5021772721,59.7930420939,0.9774,1.7917,0.7985,1.6649
12/21/2015,231.69,235.83,231.08,232.56,1953174,55.7636464087,72.7630285152,70.2018073699,-0.4404,1.1339,-0.4412,0.7914
12/22/2015,234.99,236.55,229.63,229.95,1961495,53.1495274582,68.7420042644,72.3357366839,1.9465,2.2289,1.6316,2.1733
12/23/2015,232.18,233.45,228.13,229.7,1554979,52.8937497325,68.4793554884,69.9947960893,0.5339,1.5331,0.5042,1.1908
12/24/2015,230.56,231.88,228.28,230.57,710277,53.7282814944,66.4191058686,67.8801552071,-0.044,-0.044,-0.8548,-0.4891
12/28/2015,231.49,231.98,225.54,228.95,1901304,51.8850207449,64.9628658803,66.6204424124,0.4642,0.969,0.2784,0.9204
12/29/2015,230.06,237.72,229.547,237.19,2406290,59.4965618345,75.870103393,69.0840250473,1.5633,3.7466,1.5633,3.7466
12/30/2015,236.6,243.634,235.6707,238.09,3697921,60.2364689732,79.9796093582,73.6041928772,3.1215,3.7957,3.0948,3.6035
12/31/2015,238.51,243.45,238.37,240.01,2715038,61.8380867123,87.890770723,81.2468278247,2.449,2.472,1.6731,1.7486
01/04/2016,230.72,231.38,219,223.41,6827146,44.9721880115,65.9389051129,77.936428398,-1.8712,-0.0548,-2.0695,-0.458
01/05/2016,226.36,226.89,220,223.43,3186752,44.9916545448,47.0286909887,66.9527889415,-0.7317,0.0513,-0.7319,0.0506
01/06/2016,220,220.05,215.98,219.04,3779128,41.5196575319,20.7551308926,44.5742423314,-0.1206,0.324,-0.4135,0.2839
01/07/2016,214.19,218.44,213.67,215.65,3554251,39.015810066,12.5762744439,26.7866987751,0.0933,0.4084,-0.2265,-0.1192
01/08/2016,217.86,220.44,210.77,211,3628058,35.8244785492,5.8243628567,13.0519227311,-0.7815,0.9226,-0.7815,0.8069
01/11/2016,214.01,214.45,203,207.85,4091422,33.8071258776,6.823761381,8.4081328939,0.096,0.5955,-0.2817,0.0024
01/12/2016,211.6,213.7395,205.31,209.97,3091917,36.4027986709,10.5579504433,7.735358227,-0.0206,0.3905,-0.1347,0.0361
01/13/2016,212.01,212.65,200,200.31,4126416,30.5283400871,9.7116139053,9.0311085765,0.0609,0.145,-0.4421,-0.431
01/14/2016,202.21,210,193.38,206.18,6490741,37.1640434222,14.9269264507,11.7321635998,-0.9765,-0.3479,-1.6459,-0.3624
01/15/2016,198.97,205.07,197.25,204.99,5578640,36.4048848659,17.1497551026,13.9294318195,0.4289,0.4468,-1.203,-1.1204
01/19/2016,208.71,210.47,200.78,204.72,4038676,36.2240807172,23.7128719439,18.5965178324,0.2582,2.2333,0.2565,2.0038
01/20/2016,199.4,201.28,191.25,198.7,5838608,32.3645403827,19.8833163279,20.2486477915,1.2396,1.2396,-0.8987,-0.2967
01/21/2016,201.55,203.23,195.02,199.97,3166159,33.9630567461,17.7669564319,20.4543815679,-0.1838,0.6621,-0.2759,0.4138
01/22/2016,204.8005,205.5,199.03,202.55,3124055,37.209709218,18.9822684744,18.8775137447,0.2638,0.9874,-1.2933,-1.2921
01/25/2016,200.06,203.57,195.88,196.38,2698739,33.0277655741,19.6530436821,18.8007561961,0.3429,0.4822,-0.6608,0.1152
01/26/2016,196.7,197.82,188.88,193.56,4964180,31.2964901569,19.6683126805,19.4345416123,-1.5363,-1.2356,-2.5511,-2.4052
01/27/2016,192.38,193.26,185.77,188.07,3617221,28.1975945258,11.8877000098,17.0696854575,-0.2588,1.3135,-0.3768,0.9658
01/28/2016,190.79,191.28,182.41,189.7,4592754,30.4010975411,13.6869365049,15.0809830651,0.0877,1.0557,-0.512,0.7778
01/29/2016,189.95,193.74,188.08,191.2,2852289,32.4553506122,17.5482146267,14.3742837138,1.3593,1.6206,0.7913,1.2765
02/01/2016,188.76,199.52,182.75,196.94,5297639,39.7801621093,30.1875255795,20.4742255704,-0.7516,1.8234,-0.8813,1.7074
02/02/2016,192.42,193.12,180.23,182.78,5773637,30.8828485386,27.0071354376,24.9142918813,0.7612,1.1527,-1.8046,-1.8046
02/03/2016,183.59,183.94,170.18,173.48,7931362,26.6646030593,19.5887139019,25.5944583063,-2.2869,-2.2492,-3.3374,-3.2919
02/04/2016,170.7,175.98,166.99,175.33,4385366,28.7494593557,12.2127549703,19.6028681033,-1.7697,-0.2876,-1.79,-0.456
02/05/2016,171.3,173,157.7442,162.6,9437591,23.7467238816,12.0852070174,14.6288919632,0.1491,0.1578,-1.9397,-1.4451
02/08/2016,157.105,157.15,146,147.99,9312988,19.543466758,9.7528801111,11.3502806996,0.2904,1.1664,0.0373,0.4036
02/09/2016,142.32,159.79,141.05,148.25,8651648,19.8154741061,7.950041828,9.9293763188,-0.0939,0.4233,-0.4919,-0.1112
02/10/2016,150.5,154.97,141.74,143.67,10406513,18.6212005614,6.2685774947,7.9904998113,-0.0943,0.1281,-1.479,-0.1012
02/11/2016,152,163.26,147,150.47,14252364,25.7741122445,10.0511963222,8.0899385483,0.6789,2.5348,0.6789,2.1422
02/12/2016,155,157.01,143.7,151.04,7235783,26.3584248825,11.8798533218,9.3998757129,0.2045,0.4119,-0.8091,0.1445
02/16/2016,158.7,162.95,154.11,155.17,5593794,30.6201285598,18.6838292656,13.5382929699,1.0653,1.9625,1.0634,1.65
02/17/2016,159,169.34,156.68,168.68,5825159,42.3692284204,29.4966079471,20.0200968448,0.9694,0.9694,0.1734,0.6864
02/18/2016,172.42,172.95,164.77,166.77,3887574,41.3042793108,38.4641696597,28.8815356241,0.2306,0.4073,-0.0744,0.1245
02/19/2016,163.66,167.49,162.5,166.58,2959390,41.1933591667,44.9689299356,37.6432358475,0.3544,1.202,0.2966,1.1514
02/22/2016,170.12,178.91,169.85,177.74,5060051,49.7322271183,52.0324241169,45.1551745707,-0.1672,1.0776,-0.227,1.0712
02/23/2016,176.16,181.73,173.68,177.21,5984374,49.3656250391,64.1204458059,53.7072666195,0.4251,1.0756,0.2152,0.309
02/24/2016,172.75,179.5,167.84,179,5395609,50.6877534822,81.6868180478,65.9465626569,-0.3387,1.7161,-0.3387,1.6885
02/25/2016,178.65,188.5192,175.2,187.43,5750741,56.4544981424,91.9495845518,79.2522828018,1.3716,1.9693,0.9844,1.6129
02/26/2016,188.7,192,185,190.34,6065117,58.2687093613,96.0609406812,89.8991144269,0.4803,1.627,0.4792,1.3951
02/29/2016,192.4,196.35,189.222,191.93,4498997,59.2672754812,95.3361714086,94.4488988805,-0.2393,0.0365,-1.2571,-0.8931
03/01/2016,194.25,195.9484,182.7,186.35,6712159,54.3519539722,90.0037299515,93.8002806804,-1.6713,-1.6709,-4.0764,-4.0754
03/02/2016,183.73,188.52,181.5,188.34,4862396,55.7610649288,86.2020177165,90.5139730255,-3.8744,-1.6208,-3.8868,-1.7117
03/03/2016,188.28,197.42,184.22,195.74,4829018,60.6281820244,87.7686669151,87.9914715277,-0.0499,1.3078,-0.0943,1.2988
03/04/2016,198,204.03,197.5001,201.04,6489058,63.7078811422,91.8868769595,88.619187197,0.6934,0.7147,-0.423,-0.4224
03/07/2016,197.68,209.7,197.4,205.29,5337072,66.0042675443,94.2040086812,91.2865175186,-0.4651,-0.1811,-0.7229,-0.2126
03/08/2016,203.5,207.5,202.2,202.6,4178693,63.2752004981,90.3423471427,92.1444109278,0.6866,0.7334,-0.0597,0.1498
03/09/2016,204.52,209.3726,202.79,208.72,3208554,66.6533454831,91.5276081943,92.0246546727,-0.4577,0.0827,-0.4996,-0.1051
03/10/2016,210,213.29,200.671,205.18,5192523,63.0410850488,88.42331069,90.0977553423,0.3571,0.7592,-0.0072,0.1706
03/11/2016,207.93,209.42,205.33,207.5,3343077,64.4026675536,89.2251991311,89.7253726718,0.3115,1.1094,0.2723,1.1061
03/14/2016,212.65,216.72,210.64,215.15,4065706,68.5208524939,88.9326083846,88.8603727352,2.0561,2.991,2.0315,2.9282
03/15/2016,214.27,218.97,211.5,218.34,3180452,70.0754907815,94.2143374366,90.7907149841,1.6378,1.9712,1.4429,1.9649
03/16/2016,218,222.58,217.02,221.93,3516703,71.7654481329,97.8688402004,93.6719286739,0.9979,1.2051,0.7015,1.0582
03/17/2016,221.47,228.5,220,226.38,3782891,73.7447630431,97.4213120971,96.501496578,0.5955,0.7555,0.1627,0.2882
03/18/2016,229.1,234.48,228.06,232.74,4711793,76.3017688611,96.8027789593,97.3643104189,0.3619,0.4332,-0.2334,0.3162
03/21/2016,235.34,239.88,235,238.32,5307822,78.2987008514,96.57741854,96.9338365321,0.9305,1.1879,0.6446,0.6446
03/22/2016,237.21,238.99,232.558,234.24,4315988,73.4266511279,94.647347623,96.0091817074,-1.0495,-0.9439,-2.8739,-2.3825
03/23/2016,232.37,234.73,222.03,222.58,4948841,61.6251280225,84.3470483005,91.8572714878,-1.8242,-1.3962,-2.3033,-1.7139
03/24/2016,215.78,228.8877,215,227.75,4960900,64.3603609315,75.0604465937,84.6849475057,-1.6648,-0.9141,-1.7147,-1.1496
03/28/2016,231.61,234.81,225,230.26,3925685,65.6407981859,68.5509265598,75.9861404847,-0.0606,0.6208,-0.3166,-0.3137
03/29/2016,229.89,232.38,225.33,230.13,4014330,65.5095226641,73.9449784116,72.518783855,-0.4063,0.5644,-0.7279,0.5644
03/30/2016,235.09,235.5,226.5,226.89,4032982,62.1722417233,72.4893094273,71.6617381329,1.294,1.294,0.2933,0.4382
03/31/2016,229.34,237.42,225.01,229.77,8012872,63.9311870627,70.9209687699,72.4517522029,-0.8081,2.2975,-0.9076,2.0917
04/01/2016,244.825,247.9,233.25,237.59,15997509,68.2484247833,69.9060521172,71.1054434381,3.5063,3.7014,3.4131,3.657
04/04/2016,249.12,252.12,243.64,246.99,13475327,72.5081693476,77.2747487325,72.7005898732,0.4808,1.3663,0.1467,1.3099
04/05/2016,240.5,256.56,240,255.47,9948699,75.6782207608,86.1604152713,77.7804053737,-0.6674,-0.382,-1.0793,-0.5399
04/06/2016,253.97,267.74,253.45,265.42,11705479,78.7713429638,93.6703231545,85.7018290528,-0.9906,-0.772,-1.6216,-1.0229
04/07/2016,266.45,269.34,254.51,257.2,8856171,70.764677416,89.538482239,89.7897402216,-0.2447,0.2499,-0.2816,-0.2408
04/08/2016,260.5,260.82,248.0201,250.07,7363935,64.628345127,79.104200223,87.4376685388,-0.8173,-0.777,-1.2618,-1.0545
04/11/2016,251,258.99,245.3,249.92,9161693,64.5016238913,68.8197767145,79.1541530588,-0.2322,0.0957,-1.2372,-1.0358
04/12/2016,249.5,251.8,243.63,247.82,5763208,62.6495552652,63.0658814869,70.3299528081,-0.1085,0.1545,-0.7743,-0.0418
04/13/2016,248.51,255.5,247.33,254.53,4925595,66.008090416,65.8017421175,65.8958001063,-0.1058,0.3862,-0.1058,0.2839
04/14/2016,253,256.839,251.0501,251.86,4132185,63.5590011832,64.8346621357,64.56742858,0.2662,0.4221,-0.0468,-0.0326
04/15/2016,251.31,254.6,249.12,254.51,3752366,64.9490391536,67.051255157,65.8958864701,-0.4634,0.1151,-0.4634,-0.0688
04/18/2016,252.23,258.31,251.66,253.88,4271362,64.3208828143,64.0827067669,65.3228746865,-0.6521,-0.4451,-0.6894,-0.488
04/19/2016,253.12,254.3699,241.251,247.37,6357526,58.070901655,60.7038123167,63.9459247469,-0.302,-0.2971,-0.9519,-0.7771
04/20/2016,246.26,253.66,241.5,249.97,5194051,59.7529475226,54.4689378758,59.7518189865,0.0831,0.9385,0.014,0.7894
04/21/2016,248.99,250.9,246.91,248.29,2783059,58.1302225714,43.1577988338,52.7768496754,0.8808,0.8808,-0.0974,-0.0974
04/22/2016,248.89,254,245.71,253.75,3786327,61.7645177448,40.8990186768,46.1752517955,-0.9946,1.3408,-0.9946,1.3395
04/25/2016,253.01,257.38,250.76,251.82,3670348,59.7889592717,37.5813942768,40.5460705958,2.0696,2.5329,1.9381,2.0242
04/26/2016,252.05,255.73,249.39,253.74,3223839,61.1212284209,43.0412310859,40.5072146798,-0.0271,0.5579,-0.224,0.0642
04/27/2016,252.75,255,249.4,251.47,3205808,58.6472078296,43.9317728755,41.5181327461,0.8166,2.1126,0.3051,2.1126
04/28/2016,249.85,253.43,247.44,247.71,2518990,54.6978357659,44.5999051944,43.8576363853,1.2196,1.3,0.3384,0.5089
04/29/2016,248.14,248.43,237.81,240.76,5413787,48.2323550552,33.9537780238,40.8284853646,-0.9882,-0.5025,-1.7101,-0.9485
05/02/2016,241.5,243.19,234.82,241.8,3843935,49.2000253099,26.5499198108,35.034534343,0.474,2.0449,-0.398,2.0449
05/03/2016,237.36,238.91,231.62,232.32,4302222,41.5717409031,15.0396151669,25.1811043338,0.9216,2.0815,0.7706,1.0579
05/04/2016,230.29,234.46,220.4,222.56,8700459,35.4736536327,11.1703939153,17.5866429643,0.254,1.4303,-3.2354,-3.1384
05/05/2016,228.46,228.64,209.79,211.53,11254827,30.0999724159,4.0664780764,10.0921623862,1.3321,2.1524,-1.3895,1.9937
05/06/2016,210.87,216.37,208.11,214.93,5685237,33.4467241925,7.8997789241,7.7122169719,-1.3236,1.2672,-1.4124,1.0395
05/09/2016,215.72,216.15,206.8,208.92,4776383,30.6529065531,7.1982206646,6.3881592217,-0.9875,-0.8962,-2.2401,-2.0649
05/10/2016,207.55,209.47,205,208.69,4070617,30.5477438709,8.2966563752,7.7982186546,-1.8112,0.2391,-1.8112,0.0676
05/11/2016,207.59,215.48,206.05,208.96,5161864,30.8476721451,6.2894296382,7.2614355593,-0.3609,1.7447,-0.7535,1.4069
05/12/2016,211.44,211.67,203.6572,207.28,3650475,29.9801218828,7.1129485345,7.233011516,0.0617,1.06,-0.3894,0.9966
05/13/2016,207.78,211.2,206.7,207.61,2822781,30.3942234494,7.2929073764,6.8984285164,1.0911,1.3286,-0.1184,0.0657
05/16/2016,208.15,213.15,207.92,208.29,2949396,31.2958939725,7.769202181,7.3916860306,-0.3283,1.3268,-0.366,1.3192
05/17/2016,209.05,209.8199,204.02,204.66,2843597,29.1268028304,6.2592206721,7.1071100765,0.7644,0.8652,-1.2386,-1.2345
05/18/2016,209.15,215.31,207.75,211.17,5617519,37.4938503135,9.0126425405,7.6803551312,3.3035,3.9181,3.3035,3.873
05/19/2016,213.62,216.79,207.3,215.21,6866321,42.0649106113,14.9676607119,10.0798413082,2.1856,2.1856,-1.5454,-0.2245
05/20/2016,216.99,220.55,216.35,220.28,9007076,47.2758395764,29.8501820031,17.9434950852,-0.222,1.7405,-0.2283,1.0083
05/23/2016,219.87,222.6,215.86,216.22,5102479,43.8727666831,38.5822685068,27.8000370739,-1.2166,0.2406,-1.2166,-0.0437
05/24/2016,216.6,218.74,215.18,217.91,3013843,45.6272868337,47.7143710786,38.7156071962,0.2074,0.2074,-0.7469,-0.6082
05/25/2016,217.91,221.36,216.51,219.58,3132615,47.3778109014,57.1916433377,47.829427641,-1.2764,1.0992,-1.2764,0.7273
05/26/2016,220.5,225.26,219.05,225.12,4072424,52.8059650068,78.8030838537,61.23636609,0.3342,2.1161,-0.0092,2.1161
05/27/2016,224.99,225.93,220.75,223.04,3650272,50.6917049274,90.3690638412,75.4545970109,1.8104,1.8607,1.0282,1.0282
05/31/2016,223.04,224.7497,221.5001,223.23,2789002,50.8851524516,91.3376589608,86.8366022186,-0.3953,0.5349,-0.4736,0.3947
06/01/2016,221.48,222.4,216.89,219.56,2982695,47.0457737456,82.1007387187,87.9358205069,-0.3692,-0.1123,-0.7828,-0.2255
06/02/2016,219.59,219.909,217.11,218.96,2032832,46.4289955255,75.8635841073,83.1006605956,-0.3812,0.2639,-0.4064,-0.0051
06/03/2016,220,221.94,218.01,218.99,2228970,46.4667863543,69.3158710177,75.7600646146,0.6959,1.6724,0.6628,1.4179
06/06/2016,218,220.9,215.45,220.68,2249508,48.6637889598,70.8504488057,72.0099679769,-0.4426,0.2284,-0.9131,0.227
06/07/2016,222.24,234.44,221.52,232.34,6213573,60.6598739292,79.8618940248,73.3427379494,0.151,3.2715,0.151,3.1609
06/08/2016,233.8,240.845,232.605,235.52,5971995,63.1864733834,84.6540347479,78.4554591928,2.0835,2.67,1.8059,2.1818
06/09/2016,234.98,235.33,227.06,229.36,4492075,55.7209927739,78.1007527504,80.8722271744,1.7383,1.7421,0.185,0.3081
06/10/2016,227.39,227.97,218.4217,218.79,6026603,45.7355652392,54.2091310751,72.3213061911,-1.6854,-0.7847,-1.8329,-1.6211
06/13/2016,219.5,225.77,217.66,217.87,4193022,44.9800122784,26.5991298136,52.969671213,-0.5405,0.1497,-0.5405,-0.418
06/14/2016,218.88,222.2,212.53,214.96,3580167,42.5836964139,10.961140059,30.5898003159,-0.5,-0.2738,-1.9199,-1.5532
06/15/2016,216.95,221.9,215.13,217.7,2908522,45.5264405611,12.5037973145,16.6880223957,-1.0876,0.4569,-1.1866,0.1059
06/16/2016,217.42,218.04,213.5,217.93,2440259,45.7776624449,15.3040202484,12.922985874,0.0041,0.3549,-0.1218,0.3252
06/17/2016,217.81,219.99,214.5,215.47,3112620,43.4685816054,15.9044087351,14.5707420993,0.354,0.6471,-0.9998,-0.9934
06/20/2016,219.5,223.75,218.23,219.7,3555471,48.2978777577,18.2588733887,16.4891007907,-0.496,1.9837,-0.496,1.9706
06/21/2016,220.68,222.569,218.81,219.61,4529005,48.2035239197,20.2366236977,18.1333019405,1.3124,1.3124,0.2842,0.2842
06/22/2016,199.47,205.95,195.75,196.66,23742414,31.3726266876,14.9029245515,17.7994738793,3.3491,3.5325,2.909,2.9887
06/23/2016,195.69,197.55,192.13,196.4,10130748,31.2395479837,10.0388945752,15.0594809415,-1.7516,-1.7152,-2.3124,-1.7906
06/24/2016,190.05,195.12,189.73,193.15,7026516,29.5520620289,5.9341038468,10.2919743245,-0.6323,0.4373,-0.6323,0.2969
06/27/2016,190.86,198.81,187.87,198.55,7220323,35.7611558971,12.0218579235,9.3316187818,-0.2436,1.6035,-0.2759,1.6035
06/28/2016,201.89,204.05,199.41,201.79,6212422,39.2224542253,18.4889475421,12.1483031041,0.6058,0.9903,-0.754,-0.5969
06/29/2016,205.13,211.78,203,210.19,5994908,47.1701248195,33.3867008219,21.2991687625,-0.1112,0.6694,-0.2717,0.6178
06/30/2016,212.97,213.4999,209.02,212.28,4843111,48.9585524289,48.3421010681,33.4059164774,-0.0446,-0.0446,-0.4827,-0.2698
07/01/2016,206.14,218.24,206,216.5,5399951,52.4581545067,66.1749209694,49.3012409531,-3.4814,-3.3232,-3.5572,-3.3467
07/05/2016,209.73,214.5441,208,213.98,5175345,50.2428046049,72.1776399781,62.2315540052,-1.0018,-0.9979,-1.36,-1.3033
07/06/2016,210,215.23,209,214.44,4919855,50.6524769569,75.5388331475,71.297131365,-1.4986,-1.4073,-2.0938,-2.0925
07/07/2016,213.1,218.12,213.01,215.94,3612022,52.0391862191,75.0185804534,74.2450178597,-1.3752,-0.5359,-1.4699,-0.5754
07/08/2016,217.8,219.81,214.5,216.78,4074785,52.8384331792,77.6198439242,76.0590858417,0.4462,0.6423,0.3631,0.3775
07/11/2016,219.96,226.78,219.51,224.78,5429823,59.7225983249,84.8378060902,79.1587434893,0.8377,1.6949,0.7318,1.5863
07/12/2016,224.1,227.5,223.22,224.65,4576165,59.5704273512,89.6696381751,84.0424293965,0.4351,0.6252,-0.3014,-0.213
07/13/2016,225.5,225.59,220.29,222.53,3567062,57.0189622847,91.6899382246,88.73246083,0.5568,0.8098,0.3724,0.5977
07/14/2016,223.12,224.94,221.05,221.53,2675834,55.8047930201,88.4010429809,89.9202064602,0.2354,0.3606,0.0167,0.1324
07/15/2016,222.52,222.7499,219.64,220.4,2234247,54.3952319847,84.8263100345,88.3057637467,-0.0826,0.36,-0.236,0.3173
07/18/2016,219.64,227.09,218.3,226.25,3412055,60.0246871149,86.6604564509,86.6292698221,0.6627,1.4179,0.6555,1.4179
07/19/2016,225,229.1,224.75,225.26,3115065,58.7040360555,87.0070347474,86.1646004109,1.1629,1.6724,1.1497,1.4006
07/20/2016,226.47,229.8,225,228.36,2568498,61.556329526,91.6271316835,88.4315409606,0.9466,0.9466,0.3659,0.7583
07/21/2016,226,227.847,219.1,220.5,4428651,51.7891169243,80.2170963365,86.2837542558,2.1589,2.4285,2.1052,2.2603
07/22/2016,221.99,224.5,218.88,222.27,2579692,53.5755236401,73.674351585,81.839526535,0.7575,1.0053,0.7345,0.8185
07/25/2016,222.27,231.39,221.3715,230.01,4490683,60.4728819099,73.2166495073,75.7026991429,0.144,1.195,0.1436,1.1344
07/26/2016,227.69,230,225.3,229.51,3430042,59.8542328361,82.7553140483,76.5487717135,1.1447,1.1675,-0.3275,0.1304
07/27/2016,229.34,233.36,226.92,228.49,2889007,58.5385816918,86.365923193,80.7792955829,0.058,1.1025,-0.0225,0.9337
07/28/2016,227.95,230.76,226.6,230.61,2419059,60.4828315239,81.8355640535,83.6522670983,0.4969,0.4969,-0.138,0.1148
07/29/2016,230.7,235.28,230.24,234.79,3070813,64.0612864198,84.0667976424,84.0894282963,-0.2063,1.0715,-0.2071,0.7013
08/01/2016,235.5,236.63,229.38,230.01,4016284,57.6340381382,80.4248560651,82.109072587,1.3523,1.6608,1.0668,1.5371
08/02/2016,229.37,229.87,221.4,227.2,3934432,54.1919103542,69.1648023863,77.8854853646,0.0862,0.1101,-0.4629,-0.4102
08/03/2016,227.37,229.699,224.21,225.79,3887759,52.4976306122,51.1002000364,66.8966194959,-0.1421,0.4805,-0.2532,-0.0828
08/04/2016,225.69,230.86,222.05,230.61,4146997,57.4006766084,52.1913075105,57.4854366444,-3.0001,-2.3175,-3.1059,-2.3175
08/05/2016,230,232,227.4,230.03,3205215,56.6430366671,56.8829259327,53.3914778265,-0.1454,-0.0298,-0.2643,-0.1516
08/08/2016,228,229.6,226.09,226.16,2263584,51.7361336465,57.1057031395,55.3933121942,-0.8603,-0.1113,-0.8643,-0.2488
08/09/2016,226.82,231.5375,226.65,229.08,2207833,54.9100622428,53.765258216,55.9179624294,-0.405,-0.2406,-0.6191,-0.3841
08/10/2016,228.24,229.87,224.62,225.65,2338301,50.6929195278,45.5399061033,52.1369558196,-1.2376,-0.66,-1.2543,-0.8245
08/11/2016,226.17,227.57,223.41,224.91,1880936,49.8042203236,40.4040702542,46.5697448578,-0.0542,0.0826,-0.192,-0.1124
08/12/2016,225.41,226.65,224.04,225.61,1813540,50.6849407125,30.097328897,38.6804350848,-0.5376,0.1845,-0.5376,0.1754
08/15/2016,226.02,229.5,224.93,225.59,2034328,50.6575923058,26.1130614521,32.2048202011,-0.7097,-0.5835,-1.4959,-1.4932
08/16/2016,225.49,227.19,223.4101,223.61,2267147,47.901930115,23.2217115343,26.4773672945,-0.8695,-0.6102,-0.9947,-0.7006
08/17/2016,224.33,224.83,222.8,223.24,1787127,47.3832170419,18.0345808711,22.4564512858,-0.2412,0.3574,-0.3494,0.3556
08/18/2016,223.82,225.66,222.29,223.51,1714467,47.8271987317,13.4821623988,18.2461516014,0.4028,0.4028,-0.1149,0.1322
08/19/2016,223.54,225.169,222.53,225,1659530,50.3185896235,18.3877252801,16.63482285,-0.3711,0.6243,-0.3944,0.6229
08/22/2016,224.17,225.11,222.68,222.93,2065493,46.9633355509,18.4181106764,16.7626661184,-0.1417,-0.1407,-0.9573,-0.3397
08/23/2016,224.32,228.49,222.8,224.84,4784418,50.2591151725,23.8360655738,20.2139671768,-0.1491,2.2392,-0.1491,2.2392
08/24/2016,227.05,227.15,222.22,222.62,2570693,46.6319306606,13.7129380054,18.6557047519,2.0948,2.5772,1.6902,1.954
08/25/2016,223.11,223.8,220.77,220.96,1762519,44.0707230552,11.0828756455,16.2106264082,0.4497,2.124,0.3238,1.7457
08/26/2016,222.14,222.855,218.82,219.99,2238992,42.5984003594,5.2908462348,10.0288866286,1.8984,1.9376,0.7116,1.1061
08/29/2016,220.15,220.4,215,215.2,3266334,36.1719241409,4.0672663277,6.813662736,-0.1786,-0.0836,-1.2343,-1.1139
08/30/2016,216.11,216.11,210.52,211.34,3168862,31.984425809,4.7028507006,4.6869877544,0.2831,0.7074,-1.3377,-1.0102
08/31/2016,210.43,212.6,208.65,212.01,3276548,33.4250998824,8.0073126143,5.5924765475,-0.1761,1.3543,-0.4566,1.3534
09/01/2016,209.01,211.0999,200.5,200.77,7943138,24.1741739069,6.4652041261,6.391789147,1.2269,1.5826,-2.6033,-2.574
09/02/2016,202.33,203.2,196.2,197.78,5977413,22.3982811183,6.3428293158,6.9384486854,-1.9943,-1.7021,-2.3834,-1.8908